{
  "project_info": {
    "project_number": "681090227692",
    "firebase_url": "https://flash-chat-f08f9.firebaseio.com",
    "project_id": "flash-chat-f08f9",
    "storage_bucket": "flash-chat-f08f9.appspot.com"
  },
  "client": [
    {
      "client_info": {
        "mobilesdk_app_id": "1:681090227692:android:1859e087396fe49cc774c9",
        "android_client_info": {
          "package_name": "co.aminadev.flash_chat"
        }
      },
      "oauth_client": [
        {
          "client_id": "681090227692-b6c7bn1e8hqf99ip8epnlnjhbri1rjju.apps.googleusercontent.com",
          "client_type": 3
        }
      ],
      "api_key": [
        {
          "current_key": "AIzaSyAmhgUT24MDdr0SjVWZ_i8SR5wIzhaSLpo"
        }
      ],
      "services": {
        "appinvite_service": {
          "other_platform_oauth_client": [
            {
              "client_id": "681090227692-b6c7bn1e8hqf99ip8epnlnjhbri1rjju.apps.googleusercontent.com",
              "client_type": 3
            }
          ]
        }
      }
    }
  ],
  "configuration_version": "1"
}